TID,PID,x,y
1,1,489.573,447.684
1,2,497.427,451.611
1,3,506.59,454.229
1,4,515.753,452.92
1,5,523.607,447.684
1,6,528.843,437.212
1,7,531.461,430.667
1,8,534.079,422.813
1,9,538.006,416.268
1,10,539.315,412.341
1,11,540.624,405.796
1,12,541.933,400.559
1,13,541.933,392.705
1,14,541.933,387.469
1,15,547.169,378.306
1,16,557.642,371.761
1,17,565.496,365.216
1,18,573.35,359.98
1,19,585.131,352.126
1,20,594.294,348.199
1,21,603.457,341.654
1,22,613.929,341.654
1,23,623.092,339.036
1,24,632.256,337.727
1,25,644.037,337.727
1,26,653.2,335.109
1,27,666.29,335.109
1,28,672.835,335.109
1,29,685.925,331.182
1,30,695.088,327.254
1,31,705.561,325.945
1,32,717.342,324.636
1,33,727.814,322.018
1,34,736.977,322.018
1,35,744.831,324.636
1,36,755.303,322.018
1,37,763.157,318.091
1,38,774.939,316.782
1,39,786.72,315.473
1,40,784.102,307.619
1,41,781.484,302.383
1,42,776.248,299.765
1,43,769.702,298.456
1,44,764.466,297.147
1,45,756.612,294.529
1,46,752.685,293.22
1,47,742.213,293.22
1,48,735.668,289.293
1,49,726.505,287.984
1,50,716.033,287.984
1,51,708.179,290.602
1,52,701.634,291.911
1,53,689.852,290.602
1,54,674.144,287.984
1,55,667.599,287.984
1,56,658.436,286.675
1,57,646.655,284.057
1,58,633.565,284.057
1,59,624.401,276.203
1,60,617.856,269.658
1,64,603.457,265.731
2,28,280.13,581.204
2,29,273.585,581.204
2,30,264.422,583.822
2,31,257.877,583.822
2,32,251.331,585.131
2,33,242.168,586.44
2,34,235.623,590.367
2,35,229.078,591.676
2,36,219.915,592.985
2,37,214.679,591.676
2,38,206.825,592.985
2,39,197.662,591.676
2,40,184.572,590.367
2,41,179.335,590.367
2,42,163.627,592.985
2,43,155.773,594.294
2,44,151.846,590.367
2,45,150.537,583.822
2,46,154.464,577.277
2,47,163.627,581.204
2,48,172.79,583.822
2,49,180.644,595.603
2,50,192.426,602.148
2,51,201.589,606.075
2,52,215.988,613.929
2,53,227.769,615.238
2,54,239.55,615.238
2,55,252.64,610.002
2,56,267.04,610.002
2,57,281.439,606.075
2,58,291.911,600.839
2,59,310.237,602.148
2,60,322.018,592.985
2,61,333.8,592.985
2,62,348.199,591.676
2,63,361.289,587.749
2,64,376.997,583.822
2,65,388.778,586.44
2,66,400.559,581.204
2,67,405.796,582.513
2,68,407.105,586.44
2,69,404.487,594.294
2,70,394.014,600.839
2,71,382.233,607.384
2,72,370.452,615.238
2,73,353.435,611.311
2,74,345.581,619.165
2,75,328.563,621.783
2,76,314.164,623.092
2,77,299.765,617.856
2,78,287.984,620.474
2,79,274.894,617.856
2,80,256.567,612.62
2,81,246.095,608.693
2,82,229.078,607.384
2,83,217.297,603.457
2,84,202.898,599.53
2,85,192.426,599.53
2,86,181.953,600.839
2,87,163.627,591.676
2,89,146.61,589.058
3,34,354.744,716.033
3,35,357.362,722.578
3,36,366.525,723.887
3,37,371.761,725.196
3,38,376.997,730.432
3,39,383.542,738.286
3,40,386.16,743.522
3,41,390.087,748.758
3,42,392.705,759.23
3,43,396.632,764.466
3,44,401.868,769.702
3,45,409.723,772.321
3,46,414.959,774.939
3,47,420.195,776.248
3,48,428.049,774.939
3,49,437.212,768.393
3,50,443.757,764.466
3,51,455.538,761.848
3,52,466.01,765.775
3,53,479.101,768.393
3,54,486.955,764.466
3,55,496.118,768.393
3,56,506.59,768.393
3,57,511.826,765.775
3,58,523.607,774.939
3,59,531.461,778.866
3,60,538.006,778.866
3,61,548.478,780.175
3,62,558.951,780.175
3,63,569.423,780.175
3,64,578.586,781.484
3,65,587.749,780.175
3,66,599.53,786.72
3,67,608.693,785.411
3,68,619.165,789.338
3,69,627.02,789.338
3,70,641.419,789.338
3,71,653.2,794.574
3,72,661.054,794.574
3,73,667.599,795.883
3,74,668.908,794.574
3,75,666.29,788.029
3,76,659.745,782.793
3,77,657.127,780.175
3,78,653.2,774.939
3,79,642.728,771.011
3,80,640.11,767.084
3,81,630.947,764.466
3,82,625.711,756.612
3,83,623.092,748.758
3,84,619.165,734.359
3,85,616.547,729.123
3,86,620.474,718.651
3,87,617.856,713.415
3,88,613.929,699.016
3,89,610.002,687.234
3,90,612.62,679.38
3,91,613.929,674.144
3,92,607.384,666.29
3,93,603.457,655.818
3,95,600.839,647.964
4,22,446.375,691.161
4,23,448.993,695.088
4,24,459.465,693.779
4,25,468.628,695.088
4,26,469.937,691.161
4,27,477.791,691.161
4,28,472.555,695.088
4,29,471.246,692.47
4,30,463.392,692.47
4,31,454.229,692.47
4,32,447.684,692.47
4,33,441.139,695.088
4,34,438.521,692.47
4,35,431.976,689.852
4,36,424.122,685.925
4,37,426.74,679.38
4,38,435.903,674.144
4,39,443.757,671.526
4,40,452.92,666.29
4,41,460.774,662.363
4,42,472.555,661.054
4,43,476.482,653.2
4,44,481.719,658.436
4,45,492.191,658.436
4,46,498.736,659.745
4,47,502.663,662.363
4,48,513.135,658.436
4,49,520.989,657.127
4,50,531.461,661.054
4,51,544.551,664.981
4,52,551.096,666.29
4,53,556.333,671.526
4,54,562.878,670.217
4,55,569.423,675.453
4,56,579.895,674.144
4,57,587.749,675.453
4,58,596.912,674.144
4,59,606.075,670.217
4,60,616.547,672.835
4,61,623.092,675.453
4,62,621.783,678.071
4,63,615.238,680.689
4,64,604.766,678.071
4,65,598.221,674.144
4,66,586.44,668.908
4,67,579.895,663.672
4,68,573.35,661.054
4,69,564.187,657.127
4,70,553.715,651.891
4,71,545.86,644.037
4,72,540.624,644.037
4,73,536.697,636.183
4,74,532.77,629.638
4,75,522.298,620.474
4,76,511.826,613.929
4,77,507.899,612.62
4,78,503.972,602.148
4,79,488.264,600.839
4,80,484.337,599.53
4,81,472.555,595.603
4,85,463.392,586.44
5,48,379.615,191.117
5,49,388.778,191.117
5,50,399.25,191.117
5,51,408.414,187.19
5,52,414.959,184.572
5,53,421.504,183.262
5,54,425.431,179.335
5,55,433.285,175.408
5,56,438.521,171.481
5,57,450.302,168.863
5,58,456.847,166.245
5,59,468.628,161.009
5,60,481.719,161.009
5,61,490.882,159.7
5,62,501.354,157.082
5,63,517.062,155.773
5,64,526.225,153.155
5,65,534.079,153.155
5,66,544.551,150.537
5,67,555.024,149.228
5,68,562.878,145.301
5,69,570.732,146.61
5,70,581.204,147.919
5,71,587.749,150.537
5,72,592.985,147.919
5,73,604.766,151.846
5,74,613.929,157.082
5,75,620.474,159.7
5,76,632.256,159.7
5,77,637.492,161.009
5,78,649.273,161.009
5,79,655.818,159.7
5,80,662.363,158.391
5,81,666.29,153.155
5,82,671.526,146.61
5,83,681.998,134.829
5,84,700.325,126.975
5,85,709.488,117.812
5,86,726.505,112.576
5,87,734.359,99.485
5,88,730.432,99.485
5,89,721.269,99.485
5,90,710.797,99.485
5,91,689.852,99.485
5,92,680.689,102.103
5,93,672.835,100.794
5,94,662.363,107.339
5,95,657.127,112.576
5,96,645.346,104.721
5,97,637.492,106.03
5,98,630.947,106.03
5,99,620.474,104.721
5,100,610.002,100.794
5,101,599.53,100.794
5,102,586.44,100.794
5,103,570.732,96.867
5,104,558.951,96.867
5,105,548.478,98.176
5,106,535.388,99.485
5,107,519.68,104.721
5,109,507.899,109.957
6,75,692.47,293.22
6,76,697.706,294.529
6,77,706.87,290.602
6,78,708.179,290.602
6,79,717.342,287.984
6,80,719.96,284.057
6,81,727.814,286.675
6,82,734.359,287.984
6,83,743.522,282.748
6,84,748.758,281.439
6,85,753.994,278.821
6,86,761.848,282.748
6,87,767.084,276.203
6,88,773.63,274.894
6,89,778.866,270.967
6,90,786.72,265.731
6,91,794.574,270.967
6,92,805.046,274.894
6,93,815.518,277.512
6,94,822.063,281.439
6,95,829.917,281.439
6,96,840.389,282.748
6,97,849.553,286.675
6,98,862.643,285.366
6,99,869.188,291.911
6,100,879.66,291.911
6,101,891.441,289.293
6,102,899.295,287.984
6,103,908.458,286.675
6,104,920.24,285.366
6,105,928.094,278.821
6,106,941.184,277.512
6,107,954.274,278.821
6,108,958.201,281.439
6,109,968.673,285.366
6,110,981.763,284.057
6,111,990.926,286.675
6,112,1000.09,284.057
6,113,1013.18,282.748
6,114,1017.107,277.512
6,115,1011.871,277.512
6,116,1005.326,277.512
6,117,993.545,273.585
6,118,988.308,273.585
6,119,977.836,278.821
6,120,968.673,280.13
6,121,962.128,281.439
6,122,951.656,284.057
6,123,941.184,280.13
6,124,929.403,281.439
6,125,918.931,278.821
6,126,907.149,278.821
6,127,900.604,277.512
6,128,890.132,273.585
6,129,884.896,272.276
6,130,871.806,270.967
6,131,858.716,272.276
6,132,845.626,277.512
6,133,836.462,284.057
6,134,828.608,282.748
6,142,814.209,282.748
7,22,549.787,507.899
7,23,552.406,506.59
7,24,549.787,502.663
7,25,556.333,506.59
7,26,556.333,507.899
7,27,553.715,511.826
7,28,551.096,510.517
7,29,548.478,514.444
7,30,556.333,517.062
7,31,555.024,510.517
7,32,553.715,507.899
7,33,553.715,514.444
7,34,555.024,518.371
7,35,556.333,513.135
7,36,561.569,519.68
7,37,564.187,524.916
7,38,570.732,522.298
7,39,578.586,518.371
7,40,585.131,519.68
7,41,591.676,517.062
7,42,598.221,515.753
7,43,608.693,514.444
7,44,615.238,513.135
7,45,623.092,511.826
7,46,633.565,511.826
7,47,644.037,509.208
7,48,650.582,510.517
7,49,662.363,507.899
7,50,671.526,503.972
7,51,679.38,506.59
7,52,683.307,507.899
7,53,697.706,509.208
7,54,704.252,509.208
7,55,712.106,507.899
7,56,721.269,507.899
7,57,727.814,510.517
7,58,738.286,513.135
7,59,744.831,514.444
7,60,756.612,513.135
7,61,759.23,513.135
7,62,760.539,514.444
7,63,761.848,517.062
7,64,760.539,518.371
7,65,751.376,514.444
7,66,746.14,511.826
7,67,736.977,509.208
7,68,722.578,507.899
7,69,714.724,509.208
7,70,705.561,511.826
7,71,692.47,506.59
7,72,689.852,507.899
7,73,675.453,509.208
7,74,662.363,506.59
7,75,649.273,502.663
7,76,632.256,502.663
7,77,613.929,497.427
7,78,607.384,497.427
7,79,590.367,494.809
7,80,579.895,496.118
7,81,569.423,500.045
7,83,557.642,496.118
8,1,318.091,231.696
8,2,324.636,226.46
8,3,332.491,227.769
8,4,339.036,219.915
8,5,342.963,210.752
8,6,350.817,205.516
8,7,361.289,196.353
8,8,365.216,192.426
8,9,370.452,185.881
8,10,374.379,176.717
8,11,378.306,167.554
8,12,387.469,166.245
8,13,388.778,155.773
8,14,388.778,147.919
8,15,395.323,134.829
8,16,408.414,130.902
8,17,414.959,124.357
8,18,420.195,121.739
8,19,428.049,120.43
8,20,437.212,121.739
8,21,446.375,125.666
8,22,452.92,120.43
8,23,462.083,121.739
8,24,469.937,117.812
8,25,483.028,120.43
8,26,493.5,120.43
8,27,505.281,120.43
8,28,513.135,123.048
8,29,517.062,120.43
8,30,532.77,119.121
8,31,544.551,115.194
8,32,555.024,112.576
8,33,564.187,112.576
8,34,573.35,111.267
8,35,579.895,108.648
8,36,587.749,104.721
8,37,594.294,103.412
8,38,607.384,99.485
8,39,612.62,95.558
8,40,616.547,92.94
8,41,611.311,96.867
8,42,603.457,95.558
8,43,590.367,94.249
8,44,578.586,100.794
8,45,577.277,107.339
8,46,566.805,111.267
8,47,560.26,111.267
8,48,555.024,111.267
8,49,544.551,111.267
8,50,536.697,108.648
8,51,526.225,108.648
8,52,514.444,111.267
8,53,503.972,115.194
8,54,494.809,117.812
8,55,484.337,121.739
8,56,479.101,121.739
8,57,466.01,125.666
8,58,460.774,132.211
8,59,452.92,136.138
8,60,445.066,130.902
8,64,431.976,129.593
9,46,339.036,543.242
9,47,333.8,539.315
9,48,333.8,528.843
9,49,329.872,520.989
9,50,328.563,517.062
9,51,323.327,511.826
9,52,320.709,506.59
9,53,308.928,501.354
9,54,308.928,494.809
9,55,306.31,492.191
9,56,305.001,490.882
9,57,299.765,493.5
9,58,301.074,496.118
9,59,305.001,497.427
9,60,297.147,498.736
9,61,294.529,492.191
9,62,294.529,485.646
9,63,297.147,483.028
9,64,306.31,477.791
9,65,315.473,481.719
9,66,319.4,480.41
9,67,329.872,476.482
9,68,341.654,476.482
9,69,352.126,473.864
9,70,362.598,477.791
9,71,374.379,475.173
9,72,380.924,477.791
9,73,392.705,479.101
9,74,404.487,475.173
9,75,414.959,475.173
9,76,425.431,477.791
9,77,431.976,475.173
9,78,442.448,475.173
9,79,452.92,472.555
9,80,462.083,475.173
9,81,473.864,473.864
9,82,481.719,471.246
9,83,490.882,471.246
9,84,497.427,472.555
9,85,506.59,471.246
9,86,507.899,473.864
9,87,505.281,467.319
9,88,493.5,466.01
9,89,481.719,466.01
9,90,467.319,464.701
9,91,456.847,466.01
9,92,451.611,472.555
9,93,441.139,472.555
9,94,426.74,473.864
9,95,420.195,471.246
9,96,408.414,468.628
9,97,400.559,472.555
9,98,390.087,472.555
9,99,380.924,473.864
9,100,373.07,476.482
9,101,367.834,479.101
9,102,361.289,476.482
9,103,356.053,475.173
9,104,349.508,475.173
9,105,342.963,475.173
9,107,329.872,475.173
10,1,661.054,595.603
10,2,646.655,591.676
10,3,634.874,590.367
10,4,621.783,590.367
10,5,613.929,585.131
10,6,602.148,581.204
10,7,586.44,577.277
10,8,578.586,579.895
10,9,562.878,581.204
10,10,558.951,586.44
10,11,558.951,587.749
10,12,562.878,590.367
10,13,560.26,600.839
10,14,565.496,610.002
10,15,565.496,610.002
10,16,568.114,599.53
10,17,568.114,591.676
10,18,575.968,581.204
10,19,591.676,575.968
10,20,606.075,575.968
10,21,617.856,578.586
10,22,627.02,585.131
10,23,644.037,587.749
10,24,657.127,589.058
10,25,664.981,590.367
10,26,680.689,589.058
10,27,688.543,590.367
10,28,701.634,590.367
10,29,716.033,589.058
10,30,727.814,587.749
10,31,738.286,587.749
10,32,755.303,589.058
10,33,769.702,589.058
10,34,785.411,590.367
10,35,793.265,591.676
10,36,807.664,595.603
10,37,818.136,595.603
10,38,833.844,590.367
10,39,841.698,587.749
10,40,841.698,579.895
10,41,837.771,570.732
10,42,823.372,560.26
10,43,808.973,560.26
10,44,795.883,564.187
10,45,785.411,565.496
10,46,774.939,566.805
10,47,759.23,573.35
10,48,750.067,579.895
10,49,736.977,583.822
10,50,725.196,583.822
10,51,710.797,587.749
10,52,704.252,585.131
10,53,689.852,581.204
10,54,674.144,578.586
10,55,659.745,574.659
10,56,646.655,570.732
10,57,636.183,565.496
10,58,623.092,557.642
10,59,607.384,558.951
10,60,592.985,557.642
10,62,574.659,556.333
11,13,852.171,348.199
11,14,849.553,341.654
11,15,841.698,339.036
11,16,832.535,333.8
11,17,824.681,327.254
11,18,818.136,325.945
11,19,810.282,319.4
11,20,807.664,312.855
11,21,798.501,311.546
11,22,793.265,303.692
11,23,789.338,303.692
11,24,782.793,298.456
11,25,774.939,295.838
11,26,774.939,293.22
11,27,765.775,291.911
11,28,757.921,286.675
11,29,756.612,281.439
11,30,760.539,274.894
11,31,767.084,268.349
11,32,772.321,259.186
11,33,772.321,247.404
11,34,774.939,242.168
11,35,784.102,227.769
11,36,797.192,217.297
11,37,794.574,206.825
11,38,807.664,200.28
11,39,814.209,185.881
11,40,822.063,175.408
11,41,833.844,170.172
11,42,837.771,161.009
11,43,853.48,154.464
11,44,863.952,155.773
11,45,877.042,158.391
11,46,886.205,162.318
11,47,903.222,164.936
11,48,915.003,168.863
11,49,926.785,166.245
11,50,934.639,167.554
11,51,945.111,166.245
11,52,949.038,171.481
11,53,949.038,167.554
11,54,949.038,162.318
11,55,945.111,153.155
11,56,937.257,147.919
11,57,928.094,137.447
11,58,913.694,136.138
11,59,904.531,136.138
11,60,887.514,133.52
11,61,879.66,134.829
11,62,866.57,133.52
11,63,852.171,129.593
11,64,848.244,133.52
11,65,837.771,130.902
11,66,829.917,128.284
11,67,816.827,126.975
11,68,811.591,125.666
11,69,799.81,126.975
11,70,788.029,121.739
11,71,774.939,121.739
11,72,767.084,121.739
11,75,756.612,123.048
12,1,794.574,411.032
12,2,789.338,403.177
12,3,784.102,395.323
12,4,780.175,387.469
12,5,774.939,382.233
12,6,771.011,374.379
12,7,774.939,367.834
12,8,772.321,363.907
12,9,768.393,359.98
12,10,764.466,356.053
12,11,760.539,348.199
12,12,761.848,344.272
12,13,760.539,341.654
12,14,755.303,339.036
12,15,755.303,328.563
12,16,751.376,323.327
12,17,752.685,311.546
12,18,753.994,310.237
12,19,763.157,303.692
12,20,772.321,301.074
12,21,774.939,289.293
12,22,778.866,276.203
12,23,789.338,265.731
12,24,791.956,261.804
12,25,805.046,263.113
12,26,816.827,261.804
12,27,827.299,261.804
12,28,840.389,260.495
12,29,854.789,259.186
12,30,869.188,253.949
12,31,877.042,243.477
12,32,883.587,233.005
12,33,895.368,229.078
12,34,903.222,221.224
12,35,918.931,205.516
12,36,929.403,208.134
12,37,941.184,202.898
12,38,958.201,202.898
12,39,967.364,202.898
12,40,973.909,205.516
12,41,976.527,204.207
12,42,976.527,200.28
12,43,971.291,193.735
12,44,962.128,197.662
12,45,939.875,196.353
12,46,929.403,192.426
12,47,921.549,193.735
12,48,899.295,185.881
12,49,890.132,183.262
12,50,884.896,176.717
12,51,869.188,172.79
12,52,857.407,172.79
12,53,845.626,171.481
12,54,835.153,168.863
12,55,819.445,166.245
12,56,802.428,167.554
12,57,788.029,168.863
12,58,776.248,166.245
12,59,763.157,162.318
12,60,743.522,162.318
12,63,738.286,161.009
13,71,615.238,683.307
13,72,615.238,692.47
13,73,621.783,697.706
13,74,630.947,706.87
13,75,634.874,710.797
13,76,642.728,714.724
13,77,655.818,718.651
13,78,667.599,725.196
13,79,675.453,727.814
13,80,684.616,735.668
13,81,692.47,743.522
13,82,701.634,753.994
13,83,705.561,759.23
13,84,713.415,760.539
13,85,726.505,767.084
13,86,738.286,769.702
13,87,746.14,772.321
13,88,755.303,768.393
13,89,769.702,765.775
13,90,780.175,759.23
13,91,788.029,751.376
13,92,797.192,747.449
13,93,810.282,742.213
13,94,818.136,736.977
13,95,828.608,731.741
13,96,843.007,722.578
13,97,852.171,718.651
13,98,861.334,709.488
13,99,869.188,700.325
13,100,884.896,700.325
13,101,894.059,699.016
13,102,905.84,696.397
13,103,918.931,696.397
13,104,932.021,695.088
13,105,942.493,700.325
13,106,955.583,699.016
13,107,971.291,697.706
13,108,983.072,699.016
13,109,996.163,702.943
13,110,1004.017,699.016
13,111,1006.635,691.161
13,112,1007.944,689.852
13,113,1000.09,678.071
13,114,988.308,668.908
13,115,976.527,663.672
13,116,963.437,661.054
13,117,952.965,661.054
13,118,943.802,649.273
13,119,934.639,645.346
13,120,920.24,641.419
13,121,911.076,636.183
13,122,896.677,628.329
13,123,887.514,623.092
13,124,875.733,611.311
13,125,867.879,594.294
13,126,853.48,592.985
13,127,845.626,591.676
13,128,837.771,590.367
13,129,822.063,589.058
13,130,806.355,589.058
13,132,791.956,587.749
14,1,781.484,726.505
14,2,780.175,738.286
14,3,772.321,747.449
14,4,767.084,757.921
14,5,759.23,765.775
14,6,752.685,763.157
14,7,744.831,755.303
14,8,744.831,743.522
14,9,744.831,733.05
14,10,753.994,727.814
14,11,764.466,727.814
14,12,776.248,733.05
14,13,782.793,734.359
14,14,788.029,729.123
14,15,795.883,718.651
14,16,808.973,717.342
14,17,816.827,723.887
14,18,828.608,727.814
14,19,835.153,731.741
14,20,845.626,730.432
14,21,852.171,731.741
14,22,863.952,730.432
14,23,875.733,734.359
14,24,888.823,735.668
14,25,897.986,735.668
14,26,908.458,734.359
14,27,921.549,736.977
14,28,930.712,743.522
14,29,939.875,748.758
14,30,951.656,748.758
14,31,959.51,746.14
14,32,964.746,740.904
14,33,979.145,735.668
14,34,988.308,739.595
14,35,993.545,740.904
14,36,1002.708,743.522
14,37,1011.871,751.376
14,38,1022.343,748.758
14,39,1032.815,747.449
14,40,1038.051,751.376
14,41,1041.978,765.775
14,42,1036.742,780.175
14,43,1032.815,798.501
14,44,1030.197,808.973
14,45,1017.107,819.445
14,46,1011.871,822.063
14,47,1004.017,825.99
14,48,996.163,828.608
14,49,989.617,824.681
14,50,980.454,823.372
14,51,968.673,824.681
14,52,962.128,824.681
14,53,952.965,832.535
14,54,946.42,829.917
14,55,941.184,829.917
14,56,926.785,829.917
14,57,913.694,831.226
14,58,904.531,829.917
14,59,895.368,822.063
14,60,884.896,822.063
14,62,870.497,825.99
15,33,756.612,608.693
15,34,767.084,606.075
15,35,774.939,604.766
15,36,777.557,602.148
15,37,785.411,600.839
15,38,791.956,598.221
15,39,801.119,595.603
15,40,802.428,585.131
15,41,807.664,575.968
15,42,814.209,572.041
15,43,823.372,568.114
15,44,827.299,558.951
15,45,833.844,551.096
15,46,840.389,548.478
15,47,854.789,539.315
15,48,860.025,531.461
15,49,866.57,520.989
15,50,871.806,519.68
15,51,890.132,518.371
15,52,894.059,514.444
15,53,907.149,511.826
15,54,915.003,507.899
15,55,925.476,507.899
15,56,937.257,514.444
15,57,951.656,519.68
15,58,959.51,528.843
15,59,967.364,530.152
15,60,979.145,532.77
15,61,990.926,531.461
15,62,1000.09,534.079
15,63,1010.562,536.697
15,64,1019.725,538.006
15,65,1028.888,541.933
15,66,1041.978,545.86
15,67,1047.214,547.169
15,68,1064.231,551.096
15,69,1074.704,552.406
15,70,1081.249,556.333
15,71,1091.721,561.569
15,72,1099.575,568.114
15,73,1106.12,573.35
15,74,1108.738,578.586
15,75,1108.738,583.822
15,76,1110.047,596.912
15,77,1112.665,611.311
15,78,1115.283,621.783
15,79,1113.974,629.638
15,80,1113.974,641.419
15,81,1108.738,654.509
15,82,1108.738,663.672
15,83,1104.811,672.835
15,84,1102.193,684.616
15,85,1103.502,699.016
15,86,1104.811,704.252
15,87,1102.193,714.724
15,88,1098.266,725.196
15,89,1094.339,739.595
15,90,1091.721,748.758
15,91,1083.867,757.921
15,92,1076.013,763.157
15,98,1073.395,773.63
16,1,726.505,733.05
16,2,736.977,729.123
16,3,742.213,723.887
16,4,751.376,718.651
16,5,756.612,709.488
16,6,759.23,704.252
16,7,767.084,700.325
16,8,772.321,697.706
16,9,778.866,691.161
16,10,782.793,687.234
16,11,786.72,678.071
16,12,790.647,674.144
16,13,797.192,664.981
16,14,799.81,659.745
16,15,803.737,654.509
16,16,816.827,650.582
16,17,828.608,654.509
16,18,841.698,650.582
16,19,848.244,650.582
16,20,854.789,650.582
16,21,866.57,649.273
16,22,882.278,653.2
16,23,891.441,650.582
16,24,897.986,654.509
16,25,912.385,650.582
16,26,925.476,657.127
16,27,941.184,661.054
16,28,951.656,661.054
16,29,956.892,661.054
16,30,972.6,659.745
16,31,981.763,664.981
16,32,996.163,658.436
16,33,1007.944,663.672
16,34,1019.725,666.29
16,35,1027.579,667.599
16,36,1038.051,667.599
16,37,1055.068,667.599
16,38,1065.54,667.599
16,39,1077.322,666.29
16,40,1082.558,667.599
16,41,1077.322,666.29
16,42,1068.159,668.908
16,43,1065.54,672.835
16,44,1057.686,670.217
16,45,1055.068,676.762
16,46,1044.596,685.925
16,47,1034.124,688.543
16,48,1027.579,689.852
16,49,1018.416,693.779
16,50,1005.326,696.397
16,51,996.163,699.016
16,52,985.69,700.325
16,53,973.909,695.088
16,54,958.201,699.016
16,55,943.802,697.706
16,56,937.257,699.016
16,57,928.094,701.634
16,58,917.621,701.634
16,59,904.531,699.016
16,60,890.132,696.397
16,66,873.115,692.47
17,1,877.042,294.529
17,2,870.497,298.456
17,3,862.643,301.074
17,4,858.716,310.237
17,5,854.789,315.473
17,6,846.935,318.091
17,7,841.698,323.327
17,8,837.771,331.182
17,9,829.917,333.8
17,10,819.445,336.418
17,11,811.591,336.418
17,12,803.737,341.654
17,13,798.501,345.581
17,14,793.265,352.126
17,15,790.647,357.362
17,16,793.265,363.907
17,17,802.428,367.834
17,18,811.591,366.525
17,19,819.445,366.525
17,20,825.99,367.834
17,21,839.08,365.216
17,22,848.244,362.598
17,23,856.098,367.834
17,24,866.57,369.143
17,25,879.66,363.907
17,26,890.132,365.216
17,27,899.295,363.907
17,28,908.458,365.216
17,29,920.24,365.216
17,30,929.403,365.216
17,31,935.948,363.907
17,32,942.493,363.907
17,33,952.965,358.671
17,34,958.201,358.671
17,35,966.055,361.289
17,36,969.982,367.834
17,37,975.218,371.761
17,38,984.381,374.379
17,39,988.308,375.688
17,40,989.617,379.615
17,41,988.308,383.542
17,42,977.836,386.16
17,43,971.291,391.396
17,44,962.128,388.778
17,45,950.347,392.705
17,46,942.493,392.705
17,47,930.712,390.087
17,48,925.476,387.469
17,49,917.621,390.087
17,50,905.84,390.087
17,51,896.677,388.778
17,52,888.823,391.396
17,53,874.424,391.396
17,54,870.497,391.396
17,55,863.952,392.705
17,56,854.789,388.778
17,57,844.316,388.778
17,58,833.844,388.778
17,59,823.372,386.16
17,60,814.209,383.542
17,63,803.737,382.233
18,46,179.335,450.302
18,47,179.335,448.993
18,48,180.644,443.757
18,49,181.953,442.448
18,50,183.262,439.83
18,51,187.19,441.139
18,52,185.881,442.448
18,53,181.953,439.83
18,54,179.335,441.139
18,55,183.262,443.757
18,56,184.572,441.139
18,57,183.262,438.521
18,58,189.808,438.521
18,59,192.426,443.757
18,60,196.353,443.757
18,61,200.28,443.757
18,62,205.516,445.066
18,63,212.061,448.993
18,64,217.297,445.066
18,65,219.915,450.302
18,66,223.842,450.302
18,67,231.696,450.302
18,68,236.932,451.611
18,69,243.477,452.92
18,70,251.331,451.611
18,71,257.877,450.302
18,72,264.422,455.538
18,73,269.658,454.229
18,74,280.13,454.229
18,75,287.984,456.847
18,76,298.456,456.847
18,77,307.619,454.229
18,78,311.546,456.847
18,79,319.4,459.465
18,80,336.418,460.774
18,81,339.036,458.156
18,82,345.581,462.083
18,83,353.435,463.392
18,84,358.671,460.774
18,85,358.671,468.628
18,86,357.362,473.864
18,87,362.598,479.101
18,88,358.671,479.101
18,89,354.744,479.101
18,90,344.272,481.719
18,91,337.727,479.101
18,92,332.491,471.246
18,93,324.636,468.628
18,94,315.473,466.01
18,95,311.546,459.465
18,96,305.001,456.847
18,97,291.911,455.538
18,98,280.13,458.156
18,99,270.967,464.701
18,100,259.186,467.319
18,101,253.949,467.319
18,102,246.095,467.319
18,103,235.623,467.319
18,104,226.46,468.628
18,105,215.988,473.864
18,111,201.589,468.628
19,14,534.079,480.41
19,15,536.697,476.482
19,16,536.697,473.864
19,17,535.388,468.628
19,18,534.079,466.01
19,19,538.006,460.774
19,20,553.715,459.465
19,21,557.642,452.92
19,22,562.878,448.993
19,23,566.805,447.684
19,24,569.423,445.066
19,25,575.968,442.448
19,26,583.822,438.521
19,27,590.367,433.285
19,28,602.148,428.049
19,29,604.766,422.813
19,30,615.238,418.886
19,31,619.165,417.577
19,32,627.02,416.268
19,33,634.874,413.65
19,34,640.11,413.65
19,35,647.964,412.341
19,36,658.436,408.414
19,37,663.672,408.414
19,38,672.835,409.723
19,39,681.998,405.796
19,40,695.088,407.105
19,41,700.325,404.487
19,42,706.87,401.868
19,43,714.724,404.487
19,44,726.505,407.105
19,45,733.05,407.105
19,46,744.831,404.487
19,47,751.376,401.868
19,48,761.848,405.796
19,49,769.702,409.723
19,50,778.866,409.723
19,51,785.411,413.65
19,52,794.574,412.341
19,53,803.737,409.723
19,54,814.209,411.032
19,55,825.99,416.268
19,56,825.99,420.195
19,57,833.844,420.195
19,58,839.08,426.74
19,59,845.626,430.667
19,60,848.244,431.976
19,61,856.098,434.594
19,62,856.098,437.212
19,63,860.025,442.448
19,64,865.261,447.684
19,65,871.806,455.538
19,66,874.424,462.083
19,67,879.66,471.246
19,68,884.896,476.482
19,69,888.823,485.646
19,70,891.441,486.955
19,71,879.66,483.028
19,72,871.806,488.264
19,73,862.643,473.864
19,76,875.733,483.028
20,76,505.281,739.595
20,77,503.972,734.359
20,78,507.899,725.196
20,79,511.826,719.96
20,80,520.989,725.196
20,81,522.298,730.432
20,82,528.843,733.05
20,83,526.225,731.741
20,84,523.607,734.359
20,85,522.298,738.286
20,86,522.298,742.213
20,87,526.225,746.14
20,88,523.607,753.994
20,89,522.298,760.539
20,90,518.371,768.393
20,91,527.534,774.939
20,92,532.77,784.102
20,93,541.933,786.72
20,94,557.642,789.338
20,95,566.805,790.647
20,96,578.586,790.647
20,97,589.058,793.265
20,98,595.603,798.501
20,99,602.148,802.428
20,100,613.929,807.664
20,101,625.711,818.136
20,102,634.874,822.063
20,103,642.728,823.372
20,104,653.2,824.681
20,105,659.745,829.917
20,106,672.835,835.153
20,107,679.38,839.08
20,108,693.779,841.698
20,109,704.252,843.007
20,110,714.724,844.316
20,111,721.269,845.626
20,112,729.123,846.935
20,113,735.668,848.244
20,114,743.522,846.935
20,115,753.994,845.626
20,116,759.23,850.862
20,117,757.921,846.935
20,118,752.685,846.935
20,119,748.758,845.626
20,120,738.286,850.862
20,121,730.432,852.171
20,122,722.578,852.171
20,123,714.724,852.171
20,124,709.488,852.171
20,125,701.634,849.553
20,126,687.234,849.553
20,127,680.689,844.316
20,128,670.217,843.007
20,129,662.363,844.316
20,130,651.891,845.626
20,131,645.346,844.316
20,132,636.183,844.316
20,133,630.947,844.316
20,134,621.783,846.935
20,135,611.311,846.935
20,143,595.603,852.171
21,59,426.74,583.822
21,60,430.667,585.131
21,61,433.285,587.749
21,62,434.594,583.822
21,63,435.903,586.44
21,64,438.521,587.749
21,65,441.139,590.367
21,66,439.83,583.822
21,67,435.903,581.204
21,68,433.285,585.131
21,69,433.285,587.749
21,70,434.594,590.367
21,71,435.903,591.676
21,72,435.903,587.749
21,73,437.212,583.822
21,74,439.83,583.822
21,75,441.139,589.058
21,76,437.212,582.513
21,77,434.594,585.131
21,78,434.594,585.131
21,79,434.594,587.749
21,80,434.594,592.985
21,81,439.83,586.44
21,82,443.757,581.204
21,83,448.993,579.895
21,84,451.611,579.895
21,85,456.847,583.822
21,86,458.156,581.204
21,87,458.156,581.204
21,88,458.156,578.586
21,89,462.083,582.513
21,90,462.083,582.513
21,91,468.628,589.058
21,92,471.246,590.367
21,93,473.864,589.058
21,94,476.482,583.822
21,95,480.41,590.367
21,96,485.646,595.603
21,97,493.5,600.839
21,98,497.427,603.457
21,99,503.972,606.075
21,100,509.208,615.238
21,101,507.899,624.401
21,102,503.972,632.256
21,103,496.118,645.346
21,104,493.5,653.2
21,105,494.809,655.818
21,106,496.118,655.818
21,107,484.337,657.127
21,108,479.101,650.582
21,109,472.555,644.037
21,110,472.555,645.346
21,111,468.628,642.728
21,112,459.465,637.492
21,113,454.229,637.492
21,114,448.993,633.565
21,115,441.139,633.565
21,116,434.594,634.874
21,117,420.195,634.874
21,118,412.341,630.947
21,120,401.868,629.638
22,2,175.408,625.711
22,3,166.245,628.329
22,4,162.318,633.565
22,5,168.863,640.11
22,6,180.644,644.037
22,7,179.335,649.273
22,8,185.881,654.509
22,9,192.426,659.745
22,10,191.117,667.599
22,11,198.971,674.144
22,12,202.898,681.998
22,13,208.134,688.543
22,14,213.37,692.47
22,15,218.606,701.634
22,16,221.224,710.797
22,17,227.769,716.033
22,18,238.241,723.887
22,19,246.095,729.123
22,20,252.64,734.359
22,21,260.495,738.286
22,22,269.658,743.522
22,23,280.13,746.14
22,24,290.602,747.449
22,25,298.456,751.376
22,26,308.928,751.376
22,27,320.709,757.921
22,28,341.654,760.539
22,29,342.963,755.303
22,30,358.671,753.994
22,31,373.07,755.303
22,32,379.615,753.994
22,33,392.705,755.303
22,34,405.796,753.994
22,35,418.886,747.449
22,36,431.976,746.14
22,37,446.375,746.14
22,38,456.847,744.831
22,39,468.628,742.213
22,40,483.028,739.595
22,41,494.809,736.977
22,42,503.972,740.904
22,43,511.826,744.831
22,44,515.753,742.213
22,45,520.989,736.977
22,46,531.461,736.977
22,47,532.77,739.595
22,48,531.461,742.213
22,49,527.534,748.758
22,50,523.607,751.376
22,51,513.135,751.376
22,52,507.899,755.303
22,53,496.118,756.612
22,54,484.337,756.612
22,55,473.864,759.23
22,56,466.01,756.612
22,57,448.993,756.612
22,58,441.139,752.685
22,59,428.049,751.376
22,60,413.65,750.067
22,61,399.25,740.904
22,67,392.705,727.814
23,29,578.586,178.026
23,30,581.204,179.335
23,31,581.204,170.172
23,32,577.277,174.099
23,33,583.822,174.099
23,34,581.204,178.026
23,35,583.822,174.099
23,36,582.513,176.717
23,37,583.822,178.026
23,38,589.058,180.644
23,39,591.676,183.262
23,40,589.058,188.499
23,41,595.603,181.953
23,42,596.912,180.644
23,43,598.221,185.881
23,44,598.221,184.572
23,45,603.457,183.262
23,46,606.075,185.881
23,47,610.002,189.808
23,48,619.165,188.499
23,49,627.02,188.499
23,50,642.728,187.19
23,51,647.964,184.572
23,52,651.891,183.262
23,53,666.29,178.026
23,54,676.762,175.408
23,55,683.307,161.009
23,56,695.088,159.7
23,57,704.252,151.846
23,58,712.106,141.374
23,59,717.342,133.52
23,60,725.196,130.902
23,61,740.904,128.284
23,62,746.14,123.048
23,63,761.848,116.503
23,64,769.702,112.576
23,65,781.484,108.648
23,66,788.029,100.794
23,67,799.81,98.176
23,68,810.282,90.322
23,69,815.518,83.777
23,70,815.518,78.541
23,71,814.209,73.305
23,72,812.9,73.305
23,73,805.046,75.923
23,74,798.501,66.76
23,75,789.338,65.451
23,76,776.248,64.142
23,77,772.321,60.215
23,78,767.084,56.288
23,79,756.612,57.597
23,80,740.904,57.597
23,81,735.668,57.597
23,82,726.505,60.215
23,83,716.033,60.215
23,84,709.488,58.906
23,85,701.634,57.597
23,86,691.161,57.597
23,87,681.998,54.979
23,88,676.762,54.979
23,94,659.745,56.288
24,1,479.101,125.666
24,2,475.173,128.284
24,3,475.173,128.284
24,4,479.101,129.593
24,5,480.41,128.284
24,6,481.719,124.357
24,7,488.264,123.048
24,8,492.191,123.048
24,9,492.191,119.121
24,10,490.882,115.194
24,11,490.882,108.648
24,12,490.882,104.721
24,13,488.264,100.794
24,14,490.882,98.176
24,15,493.5,103.412
24,16,496.118,107.339
24,17,506.59,107.339
24,18,515.753,106.03
24,19,518.371,102.103
24,20,528.843,102.103
24,21,534.079,107.339
24,22,541.933,108.648
24,23,551.096,113.885
24,24,552.406,119.121
24,25,560.26,123.048
24,26,566.805,124.357
24,27,577.277,126.975
24,28,583.822,125.666
24,29,594.294,124.357
24,30,600.839,123.048
24,31,607.384,123.048
24,32,615.238,124.357
24,33,623.092,123.048
24,34,630.947,123.048
24,35,642.728,124.357
24,36,649.273,124.357
24,37,659.745,124.357
24,38,670.217,125.666
24,39,678.071,128.284
24,40,678.071,126.975
24,41,675.453,130.902
24,42,672.835,130.902
24,43,668.908,125.666
24,44,664.981,129.593
24,45,661.054,129.593
24,46,657.127,130.902
24,47,649.273,132.211
24,48,646.655,134.829
24,49,640.11,134.829
24,50,630.947,134.829
24,51,624.401,134.829
24,52,619.165,137.447
24,53,616.547,134.829
24,54,608.693,142.683
24,55,603.457,147.919
24,56,595.603,142.683
24,57,587.749,140.065
24,58,579.895,138.756
24,59,568.114,138.756
24,60,561.569,136.138
24,64,552.406,143.992
25,27,192.426,130.902
25,28,196.353,132.211
25,29,208.134,138.756
25,30,217.297,141.374
25,31,221.224,141.374
25,32,233.005,134.829
25,33,234.314,132.211
25,34,243.477,133.52
25,35,248.713,132.211
25,36,259.186,133.52
25,37,265.731,134.829
25,38,273.585,141.374
25,39,278.821,147.919
25,40,290.602,145.301
25,41,302.383,140.065
25,42,308.928,137.447
25,43,316.782,132.211
25,44,324.636,124.357
25,45,327.254,115.194
25,46,333.8,107.339
25,47,339.036,108.648
25,48,349.508,112.576
25,49,357.362,117.812
25,50,367.834,124.357
25,51,371.761,129.593
25,52,383.542,129.593
25,53,392.705,133.52
25,54,403.177,138.756
25,55,411.032,140.065
25,56,416.268,143.992
25,57,422.813,145.301
25,58,430.667,145.301
25,59,437.212,145.301
25,60,446.375,147.919
25,61,451.611,146.61
25,62,463.392,146.61
25,63,472.555,146.61
25,64,480.41,149.228
25,65,483.028,150.537
25,66,483.028,141.374
25,67,486.955,142.683
25,68,489.573,142.683
25,69,481.719,140.065
25,70,471.246,143.992
25,71,466.01,147.919
25,72,452.92,149.228
25,73,450.302,147.919
25,74,442.448,147.919
25,75,434.594,149.228
25,76,426.74,146.61
25,77,418.886,146.61
25,78,414.959,142.683
25,79,408.414,142.683
25,80,396.632,137.447
25,81,384.851,140.065
25,82,369.143,140.065
25,83,359.98,133.52
25,84,349.508,132.211
25,85,340.345,130.902
25,86,335.109,123.048
25,92,329.872,106.03
26,11,236.932,83.777
26,12,236.932,74.614
26,13,239.55,74.614
26,14,244.786,82.468
26,15,247.404,86.395
26,16,252.64,87.704
26,17,256.567,86.395
26,18,261.804,86.395
26,19,265.731,83.777
26,20,270.967,85.086
26,21,276.203,86.395
26,22,278.821,82.468
26,23,286.675,79.85
26,24,290.602,78.541
26,25,293.22,77.232
26,26,297.147,73.305
26,27,302.383,74.614
26,28,311.546,75.923
26,29,320.709,78.541
26,30,329.872,78.541
26,31,341.654,78.541
26,32,349.508,78.541
26,33,361.289,78.541
26,34,371.761,78.541
26,35,378.306,77.232
26,36,390.087,78.541
26,37,400.559,82.468
26,38,407.105,85.086
26,39,417.577,83.777
26,40,426.74,82.468
26,41,429.358,83.777
26,42,429.358,83.777
26,43,433.285,90.322
26,44,433.285,90.322
26,45,437.212,86.395
26,46,447.684,90.322
26,47,452.92,95.558
26,48,460.774,100.794
26,49,469.937,102.103
26,50,466.01,95.558
26,51,456.847,94.249
26,52,443.757,98.176
26,53,437.212,98.176
26,54,430.667,99.485
26,55,424.122,100.794
26,56,418.886,107.339
26,57,412.341,106.03
26,58,407.105,107.339
26,59,401.868,112.576
26,60,391.396,112.576
26,61,384.851,113.885
26,62,375.688,106.03
26,63,371.761,102.103
26,64,361.289,90.322
26,65,362.598,79.85
26,66,363.907,69.378
26,67,354.744,62.833
26,68,344.272,51.052
26,69,339.036,37.962
26,70,331.182,26.18
26,79,329.872,20.944
